清羽飞扬,https://blog.qyliu.top/
ChrisKim,https://www.zouht.com/
Akilar,https://akilar.top/
张洪Heo,https://blog.zhheo.com/
安知鱼,https://blog.anheyu.com/
杜老师说,https://dusays.com
Tianli,https://tianli-blog.club/
贰猹,https://noionion.top/
Leonus,https://blog.leonus.cn/
無名小栈,https://blog.imsyy.top/
一府,https://blog.duolaa.asia/
星辰日记,https://blog.xsot.cn/
星港Star,https://blog.starsharbor.com
满心记,https://blog.lovelu.top/
清风,https://luckqf.cn
追梦者,https://blog.wenjing.xin/
揽星,https://lanxing.net/
幻雪博客,https://huanxueblog.top/
百里飞洋,https://blog.meta-code.top/
星の野,https://byer.top/
June,https://blog.june-pj.cn/
微笔记,https://flytusky.top
阮一峰,https://www.ruanyifeng.com/blog/
Android,https://android99.com
风记星辰,https://www.thyuu.com
呓语梦轩,https://blog.awaae001.top
Rootlex,https://blog.nalex.top
Redish,https://blog.redish101.top/
AlenLiu,https://blog.alenliu.space/
Fgaoxing,https://www.yt-blog.top/
山岳库博,https://kmar.top/
微霞,https://yuuu.org
爱吃肉的猫,https://meuicat.com/
理随,https://lisui.top/
GuKaifeng,https://gukaifeng.cn/
乙未博客,https://www.yvii.cn
皮普,https://pipuwong.com
东评西就,https://dongjunke.cn
Ariasaka,https://yisous.xyz
鹊楠,https://www.quenan.love
luo,https://www.bokelhc.cn
唐志远,https://fe32.top/
往日信笺,https://www.xingmail.cn/
半方池水,https://uuanqin.top/
星空故事,https://blog.sinzmise.top/
obaby,https://h4ck.org.cn/
湘铭,https://xiangming.site/
刘郎阁,https://yjvc.cn/index.php/
绯鞠,https://loli.fj.cn/
Fiveth,https://blog.fiveth.cc/
茗辰原,https://mingcy.xyz/
青竹小轩,https://gyhwd.top/
Efu,https://www.efu.me/
辞琼,https://blog.wsq127.top/
安凝雪,https://www.anxkj.top
星辰,https://blog.6ing.top/
GanSer,https://www.gan1ser.top/
蛋蛋困了,https://blog.wzwzx.cn/
葱苓sama,https://blog.ciraos.top/
微生之最,https://www.bbixb.top/
HiPeach,https://blog.opeach.cn
陌颜Hao,https://blog.imoyan.top/
XINGYE,https://blog.xing-ye.top/
M.Talen,https://blog.talen.top/
凉心,https://www.lxink.cn/
SunoAPI,https://sunoapi.net/
轻笑,https://www.qcqx.cn/
虹墨,https://www.imaegoo.com/
痕迹小站,https://www.henjinet.com/
六月是只猫,https://www.lyszm.com/
ZHI-BLOG,https://blog.zhwei.tech/
纸鹿本鹿,https://blog.zhilu.cyou
Dreamaker,https://dreamakerr.cn/
JackieZhu,https://blog.zhfan.top/
青桔气球,https://blog.qjqq.cn/
听风小屋,https://blog.ifeng.asia/
